resolution,feature,module,independence_cluster,scale_class,source_study,source_doi,public_raw_direct,functional_validation,direction,evidence_basis,orthology_status,claim_ceiling
node,DFR,anthocyanin_downstream,CSIN_WHITE_PINK,genotype_developmental,Zhou2020_sinensis_white_pink,10.3390/molecules25010190,yes,no,more_red,"DFR reported higher in pink; defended processed-table orientation gives pink-directed DFR across reported later stages",family_name_explicit_paralog_map_pending,"micro evidence only; does not estimate natural transition probability"
node,ANS,anthocyanin_downstream,CSIN_WHITE_PINK,genotype_developmental,Zhou2020_sinensis_white_pink,10.3390/molecules25010190,yes,no,more_red,"ANS reported higher in pink",family_name_explicit_paralog_map_pending,"micro evidence only; does not estimate natural transition probability"
node,LAR,proanthocyanidin,CSIN_WHITE_PINK,genotype_developmental,Zhou2020_sinensis_white_pink,10.3390/molecules25010190,yes,no,more_red,"LAR reported higher in pink; processed stage profiles also show pink-directed LAR",family_name_explicit_paralog_map_pending,"micro evidence only; does not estimate natural transition probability"
node,ANR,proanthocyanidin,CSIN_WHITE_PINK,genotype_developmental,Zhou2020_sinensis_white_pink,10.3390/molecules25010190,yes,no,more_red_partial,"reported processed table contains pink-directed ANR at an informative stage; coverage is not stage-complete",family_name_explicit_paralog_map_pending,"partial-stage evidence; do not treat as persistent direction"
node,FLS,flavonol,CSIN_WHITE_PINK,genotype_developmental,Zhou2020_sinensis_white_pink,10.3390/molecules25010190,yes,no,mixed_stage_paralog,"reported FLS direction changes by stage/paralog: an early FLS is pink-directed whereas another FLS is white-directed later",paralog_identity_required,"supports lability, not a single FLS direction"
module,anthocyanin_downstream,anthocyanin_downstream,CSIN_WHITE_PINK,genotype_developmental,Zhou2020_sinensis_white_pink,10.3390/molecules25010190,yes,no,more_red,"anthocyanin compounds and DFR/ANS deployment are higher in the pink system",module_level,"module recurrence count is not an assay-opportunity-normalized rate"
module,flavonol,flavonol,CSIN_WHITE_PINK,genotype_developmental,Zhou2020_sinensis_white_pink,10.3390/molecules25010190,yes,no,mixed_stage_paralog,"FLS allocation is stage/paralog dependent but repeatedly changes between white and pink states",module_level,"module lability only"
module,proanthocyanidin,proanthocyanidin,CSIN_WHITE_PINK,genotype_developmental,Zhou2020_sinensis_white_pink,10.3390/molecules25010190,yes,no,mixed_relative_to_anthocyanin,"LAR/ANR deployment can rise with pink; anthocyanin-minus-PA is mixed across stages",module_level,"PA is a separable state dimension"
node,DFR,anthocyanin_downstream,CJAPONICA,within_genotype_developmental,Zhang2024_japonica_MYB114,10.1016/j.scienta.2024.112897,no,yes,activation,"CjMYB114-CjbHLH1 activates the CjDFR promoter and overexpression increases anthocyanin",functional_gene_identity_explicit,"same C. japonica independence cluster as cultivar/bud-sport/sector studies"
node,MYB114,regulatory,CJAPONICA,within_genotype_developmental,Zhang2024_japonica_MYB114,10.1016/j.scienta.2024.112897,no,yes,activation,"CjMYB114 functionally activates DFR with CjbHLH1",named_regulator_explicit,"functional corroboration within one biological system"
node,bHLH1,regulatory,CJAPONICA,within_genotype_developmental,Zhang2024_japonica_MYB114,10.1016/j.scienta.2024.112897,no,yes,activation,"CjbHLH1 interacts with CjMYB114 in DFR activation",named_regulator_explicit,"functional corroboration within one biological system"
module,anthocyanin_downstream,anthocyanin_downstream,CJAPONICA,cultivar_budsport_sector,"Wang2021_japonica_gradient;Fan2022_japonica_budsport;JoyKendrick2023_red_pink_regions","10.3389/fpls.2021.685136;10.3390/horticulturae8020129;10.3390/f14010069",yes,no,more_red,"anthocyanin abundance and anthocyanin-related transcription recur across cultivar gradient, bud sport and within-petal sectors but count as one independence cluster",module_level,"repeated papers on C. japonica are not independent origins"
module,regulatory,regulatory,CJAPONICA,cultivar_budsport_sector,"Fan2022_japonica_budsport;Zhang2024_japonica_MYB114","10.3390/horticulturae8020129;10.1016/j.scienta.2024.112897",yes,yes,colour_linked,"MYB/GATA candidates plus functional MYB114-bHLH1-DFR regulation",mixed_family_and_named_regulator,"one C. japonica independence cluster"
node,CHS,flavonoid_core,CRETICULATA,within_genotype_sector,Xu2023_reticulata_mixed_regions,10.1186/s12870-023-04655-4,yes,no,more_red,"CHS is lower in the white petal region",family_name_explicit_paralog_map_pending,"one C. reticulata independence cluster"
node,ANR,proanthocyanidin,CRETICULATA,within_genotype_sector,Xu2023_reticulata_mixed_regions,10.1186/s12870-023-04655-4,yes,no,less_red,"ANR is higher in the white petal region",family_name_explicit_paralog_map_pending,"one C. reticulata independence cluster"
node,MYB_family,regulatory,CRETICULATA,within_genotype_sector,Xu2023_reticulata_mixed_regions,10.1186/s12870-023-04655-4,yes,no,colour_linked,"MYB coexpression is implicated in red/white sector differences",family_level_only,"not a named ortholog-level effect"
node,ANS,anthocyanin_downstream,CRETICULATA,within_genotype_developmental,Zhou2026_Tongzimian_fading,10.3389/fpls.2026.1831409,no,yes,more_red,"CrANS decreases during pink-to-white fading and heterologous overexpression deepens colour",named_gene_functional_cross_species_validation,"functional test is heterologous; still one C. reticulata independence cluster"
node,UFGT,anthocyanin_downstream,CRETICULATA,cultivar_gradient,Geng2022_reticulata_red_pink_white,10.3389/fgene.2022.1059717,yes,no,more_red,"four highlighted UFGT loci are red>white; three show red>pink>white in recovered processed tables",family_with_multiple_loci,"locus-level orthology across species still required"
module,anthocyanin_downstream,anthocyanin_downstream,CRETICULATA,cultivar_sector_development,"Geng2022_reticulata_red_pink_white;Xu2023_reticulata_mixed_regions;Zhou2026_Tongzimian_fading","10.3389/fgene.2022.1059717;10.1186/s12870-023-04655-4;10.3389/fpls.2026.1831409",yes,yes,more_red,"anthocyanin abundance, structural expression, sector contrast and fading all implicate downstream anthocyanin deployment",module_level,"multiple publications collapse to one C. reticulata cluster"
module,proanthocyanidin,proanthocyanidin,CRETICULATA,sector_development,"Xu2023_reticulata_mixed_regions;Zhou2026_Tongzimian_fading","10.1186/s12870-023-04655-4;10.3389/fpls.2026.1831409",yes,no,less_red_relative,"ANR/procyanidin diversion is elevated in white/fading states",module_level,"one C. reticulata cluster"
module,regulatory,regulatory,CRETICULATA,cultivar_sector_development,"Xu2023_reticulata_mixed_regions;Zhou2026_Tongzimian_fading","10.1186/s12870-023-04655-4;10.3389/fpls.2026.1831409",yes,yes,colour_linked,"MYB coexpression and functional CrANS-related regulation support regulatory lability",module_level,"one C. reticulata cluster"
node,F3H,anthocyanin_upstream,CSASANQUA,cultivar_gradient,Fan2023_sasanqua_diversity,10.1007/s11103-022-01324-2,no,no,colour_linked,"F3H is among structural modules associated with cultivar colour diversity",family_name_explicit_paralog_map_pending,"source accession still requires verification"
node,F3H_prime,anthocyanin_upstream,CSASANQUA,cultivar_gradient,Fan2023_sasanqua_diversity,10.1007/s11103-022-01324-2,no,no,colour_linked,"F3'H is among structural modules associated with cultivar colour diversity",family_name_explicit_paralog_map_pending,"source accession still requires verification"
node,ANS,anthocyanin_downstream,CSASANQUA,cultivar_gradient,Fan2023_sasanqua_diversity,10.1007/s11103-022-01324-2,no,no,colour_linked,"ANS is among structural modules associated with cultivar colour diversity",family_name_explicit_paralog_map_pending,"source accession still requires verification"
module,anthocyanin_downstream,anthocyanin_downstream,CSASANQUA,cultivar_gradient,Fan2023_sasanqua_diversity,10.1007/s11103-022-01324-2,no,no,colour_linked,"anthocyanin composition and structural/TF modules vary across 20 cultivars",module_level,"source accession still requires verification"
module,regulatory,regulatory,CSASANQUA,cultivar_gradient,Fan2023_sasanqua_diversity,10.1007/s11103-022-01324-2,no,no,colour_linked,"TF modules accompany cultivar colour diversity",module_level,"source accession still requires verification"
node,FLS,flavonol,CNITIDISSIMA,developmental,"Nitidissima2017_yellow_development;Feng2024_nitidissima_FLS2","10.3389/fpls.2017.01545;10.1186/s12870-024-05332-w",yes,yes,yellow_development,"FLS family deployment changes through yellow development; CnFLS2 is functionally validated and high in petal development",named_paralog_available_for_CnFLS2,"two papers collapse to one C. nitidissima cluster"
module,flavonol,flavonol,CNITIDISSIMA,developmental,"Nitidissima2017_yellow_development;Feng2024_nitidissima_FLS2","10.3389/fpls.2017.01545;10.1186/s12870-024-05332-w",yes,yes,yellow_development,"flavonol glycosides and FLS deployment change during golden-yellow development",module_level,"one C. nitidissima cluster"
module,carotenoid,carotenoid,CNITIDISSIMA,developmental,Nitidissima2017_yellow_development,10.3389/fpls.2017.01545,yes,no,yellow_development,"carotenoid abundance/pathway changes through flower development",module_level_node_map_pending,"node-level carotenoid accessibility not yet scored"
node,FLS,flavonol,CPERPETUA,developmental,Zhu2024_perpetua_yellow_development,10.1007/s44281-024-00052-5,yes,no,yellow_development,"FLS is identified as a hub expression feature during yellowing",family_name_explicit_paralog_map_pending,"one C. perpetua cluster"
module,flavonol,flavonol,CPERPETUA,developmental,Zhu2024_perpetua_yellow_development,10.1007/s44281-024-00052-5,yes,no,yellow_development,"flavonoid/FLS deployment changes through five-stage yellow development",module_level,"one C. perpetua cluster"
module,carotenoid,carotenoid,CHUANA,colour_variant_developmental,Huana2025_golden_red_variant,10.1186/s12870-025-06549-z,no,no,red_vs_golden,"matched-stage red outer-petal material has 21/22 differential carotenoids higher at bud and 18/18 higher at full bloom",module_level_node_map_pending,"one C. huana system proves module accessibility, not node recurrence"
