reference_id,first_author,year,title,journal,doi,manuscript_role,priority,reason
NREF01_Conte2012,Conte,2012,The probability of genetic parallelism and convergence in natural populations,Proceedings of the Royal Society B,10.1098/rspb.2012.2146,introduction_observation_regime,required,"Direct prior art that estimated genetic reuse depends on discovery method and candidate-gene ascertainment; prevents overclaiming observation-bias novelty."
NREF02_NgSmith2016,Ng,2016,Widespread flower color convergence in Solanaceae via alternate biochemical pathways,New Phytologist,10.1111/nph.13576,introduction_hierarchical_recurrence,required,"Direct flower-colour prior art showing repeated red phenotypes via anthocyanin carotenoid or mixed routes."
NREF03_Larter2018,Larter,2018,Convergent Evolution at the Pathway Level: Predictable Regulatory Changes during Flower Color Transitions,Molecular Biology and Evolution,10.1093/molbev/msy117,introduction_pathway_convergence,required,"Direct pathway-level multivariate flower-colour convergence precedent."
NREF04_Wheeler2023,Wheeler,2023,Evolutionary walks through flower colour space driven by gene expression in Petunia and allies (Petunieae),Proceedings of the Royal Society B,10.1098/rspb.2023.0275,introduction_pathway_wide_expression,required,"Pathway-wide petal transcriptomic and multivariate pigment precedent including anthocyanin-flavonol trade-offs."
NREF05_Xiao2025,Xiao,2025,The molecular basis underlying phenotypic diversity in Camellia flower coloration and the evolution of research paradigms,Scientia Horticulturae,10.1016/j.scienta.2025.114474,introduction_camellia_review,required,"Current comprehensive Camellia flower-colour molecular review; basic DFR/FLS/MBW/yellow-flavonol synthesis is not novel."
NREF06_Bollback2006,Bollback,2006,SIMMAP: stochastic character mapping of discrete traits on phylogenies,BMC Bioinformatics,10.1186/1471-2105-7-88,discussion_event_uncertainty,recommended,"Foundational prior art that historical character mappings are distributions rather than uniquely observed events."
NREF07_Revell2025,Revell,2025,Ancestral State Reconstruction of Phenotypic Characters,Evolutionary Biology,10.1007/s11692-025-09645-y,discussion_event_uncertainty,required,"Current review of ancestral-state sensitivity and model misspecification; bounds novelty of event-identification argument."
NREF08_Wu1977,Wu,1977,The pollinating bees on Camellia oleifera with descriptions of 4 new species of the genus Andrena,Acta Entomologica Sinica,,discussion_camellia_pollination_context,recommended,"Earliest Chinese pollination-ecology publication identified by later review; shows Camellia pollination literature extends before current ecological registry."
NREF09_ChinaPollinationReview2018,,2018,Pollination ecology in China from 1977 to 2017,Plant Diversity,10.1016/j.pld.2018.07.007,discussion_camellia_pollination_context,recommended,"Citation-chaining anchor for historical Chinese Camellia pollination literature including Wu 1977."
