prior_id,year,domain,citation,doi_or_url,claim_axis,prior_art_strength,what_is_already_known,what_remains_distinct_in_chun
PA001,2012,general_repeated_evolution,"Conte et al. The probability of genetic parallelism and convergence in natural populations",10.1098/rspb.2012.2146,N1_observation_regime,DIRECT_CONCEPTUAL,"Estimated gene reuse differs by discovery method; candidate-gene estimates were higher than genetic-cross estimates and publication/ascertainment bias was explicitly discussed.","chun does not own the generic claim that method choice changes apparent repeatability; its narrower contribution is same-public-system standardized remeasurement with frozen A/F/C/P cells and quantified identified-set contraction."
PA002,2023,general_repeated_evolution,"Poore et al. Repeated genetic divergence plays a minor role in repeated phenotypic divergence of lake-stream stickleback",10.1093/evolut/qpac025,N1_observation_regime,DIRECT_CONCEPTUAL,"Contrasted candidate-gene expectations with agnostic genome-wide approaches and found limited repeated genetic divergence despite phenotypic parallelism.","Supports framing candidate-free analysis as an empirical control, but means agnostic-vs-candidate contrast is not itself novel."
PA003,2014,convergence_review,"Rosenblum et al. The Molecular Basis of Phenotypic Convergence",10.1146/annurev-ecolsys-120213-091851,N2_hierarchical_recurrence,DIRECT_CONCEPTUAL,"Distinguished phenotypic convergence from molecular parallelism and emphasized hierarchical levels of convergence.","chun must not claim novelty for separating phenotype from molecular mechanism in general."
PA004,2020,evolutionary_theory,"Laruson et al. The Importance of Genetic Redundancy in Evolution",10.1016/j.tree.2020.04.009,N2_hierarchical_recurrence,DIRECT_CONCEPTUAL,"Formalized many-to-one genotype-to-phenotype mappings and repeatability/redundancy concepts.","chun's value is an empirical multiaxis Camellia implementation, not invention of genotypic redundancy."
PA005,2013,flower_colour_review,"Sobel and Streisfeld. Flower color as a model system for studies of plant evo-devo",10.3389/fpls.2013.00321,N2_hierarchical_recurrence,DIRECT_FLOWER_COLOUR,"Reviewed repeated flower-colour transitions as tests of genetic predictability and emphasized repeated transitions at multiple phylogenetic scales.","Broad repeated-flower-colour predictability framing is established."
PA006,2009,flower_colour_genetics,"Streisfeld and Rausher. Genetic changes contributing to the parallel evolution of red floral pigmentation among Ipomoea species",10.1111/j.1469-8137.2009.02929.x,N2_hierarchical_recurrence,DIRECT_FLOWER_COLOUR,"Tested repeated red transitions and found recurrent disruption of flux at the same pathway position while acknowledging multiple possible molecular routes.","Whole-versus-modular mechanistic repeatability has strong precedent within the anthocyanin pathway."
PA007,2009,flower_colour_genetics,"Cooley et al. Genetic divergence causes parallel evolution of flower color in Chilean Mimulus",10.1111/j.1469-8137.2009.02858.x,N2_hierarchical_recurrence,DIRECT_FLOWER_COLOUR,"Three independent anthocyanin gains produced similar red phenotypes through different genetic architectures; modular elements interacted with polygenic traits.","The statement same visible colour can arise by different genetic routes is prior art."
PA008,2016,flower_colour_macroevolution,"Ng and Smith. Widespread flower color convergence in Solanaceae via alternate biochemical pathways",10.1111/nph.13576,N2_hierarchical_recurrence,DIRECT_FLOWER_COLOUR,"Across 1341 Solanaceae species, at least 30 red origins used anthocyanins, carotenoids, or both; pathway use showed phylogenetic signal.","This strongly pre-empts any broad claim that same flower colour need not imply the same pigment pathway. chun's narrower scale is within-Camellia A/F/C/P transcript-state packages plus observation-regime comparison."
PA009,2018,flower_colour_pathway,"Larter et al. Convergent Evolution at the Pathway Level: Predictable Regulatory Changes during Flower Color Transitions",10.1093/molbev/msy117,N2_hierarchical_recurrence,DIRECT_FLOWER_COLOUR,"Measured seven anthocyanin-pathway genes across 28 Iochrominae species and detected convergent late-pathway expression changes across repeated pigment losses.","Pathway-level multivariate convergence is established; chun's novelty cannot be 'first pathway-level test'."
PA010,2023,flower_colour_pathway,"Wheeler et al. Evolutionary walks through flower colour space driven by gene expression in Petunia and allies",10.1098/rspb.2023.0275,N2_hierarchical_recurrence,DIRECT_FLOWER_COLOUR,"Used pathway-wide petal transcriptomes and multivariate pigment profiles; coordinated expression shifts and anthocyanin-flavonol trade-offs shaped accessible colour space.","Pathway-wide multivariate gene-expression analysis is established. Distinctive chun feature is standardized remeasurement of the same public systems against literature-selected observation and exact missing-axis bounds."
PA011,2006,phylogenetic_methods,"Bollback. SIMMAP: stochastic character mapping of discrete traits on phylogenies",10.1186/1471-2105-7-88,N3_pattern_vs_event,DIRECT_METHOD,"Established probabilistic character-history inference that integrates uncertainty in ancestral states, model parameters, and phylogeny.","chun cannot present event uncertainty as a new methodological insight."
PA012,2025,phylogenetic_methods,"Revell. Ancestral State Reconstruction of Phenotypic Characters",10.1007/s11692-025-09645-y,N3_pattern_vs_event,DIRECT_METHOD,"Review demonstrates substantial sensitivity of ancestral-state estimates to model misspecification and urges cautious interpretation.","Supports the stop rule but pre-empts generic claims that ancestral events are uncertain."
PA013,2024,empirical_phylogenetics,"Kraisitudomsook et al. On the origin of bird's nest fungi: Phylogenomic analyses of fungi in the Nidulariaceae",10.1016/j.ympev.2024.108010,N3_pattern_vs_event,DIRECT_EMPIRICAL,"Alternative coding schemes and broader datasets produced conflicting ancestral-state reconstructions and transition counts in an empirical system.","Therefore 'pattern can be stable while event counts depend on coding' is not uniquely new in principle; chun's distinctive test is a predeclared cross-topology x cross-colour-coding gate in flower colour."
PA014,2021,flower_colour_ecology,"Trunschke et al. Flower Color Evolution and the Evidence of Pollinator-Mediated Selection",10.3389/fpls.2021.617851,N4_ecological_causation,DIRECT_REVIEW,"Found only 18 studies quantifying selection on continuous petal-colour variation and only six with hand-pollination designs; strong pollinator-mediated selection evidence was limited.","Supports keeping Camellia pollination as context rather than assigning branch-specific colour causation without direct selection tests."
PA015,2025,flower_colour_ecology,"Lacey. Temperature and the evolution of flower color: A review",10.1002/ajb2.70106,N4_ecological_causation,DIRECT_REVIEW,"Synthesized temperature-mediated flower-colour evolution and emphasized unresolved direct/indirect selection and phylogenetic-pattern questions.","Pre-empts generic climate-colour novelty; strengthens chun's conservative ecology boundary."
PA016,2023,camellia_ecology,"Mori et al. Color strategies of camellias recruiting different pollinators",10.1016/j.phytochem.2022.113559,N4_camellia_ecology,DIRECT_CAMELLIA,"Showed C. japonica and C. rusticana can share coarse red colour while differing strongly in UV/fluorescence, bee visibility, and pollinator response.","Visible-state aliasing in Camellia is directly established; chun should cite this rather than claim it as new."
PA017,2025,camellia_review,"Xiao et al. The molecular basis underlying phenotypic diversity in Camellia flower coloration and the evolution of research paradigms",10.1016/j.scienta.2025.114474,N4_camellia_mechanism,DIRECT_CAMELLIA_REVIEW,"Comprehensive review (~180 references) synthesizes flavonoid composition, DFR/FLS competition, MBW regulation, yellow flavonols, and breeding mechanisms.","The basic Camellia pigment-network synthesis is not novel. This review must be included in the manuscript novelty boundary."
PA018,2026,camellia_genomics,"Fan et al. Transposable Element-Mediated Structural Variation Drives Flower Colour Diversification in Camellia",10.1111/pbi.70442,N5_micro_macro,DIRECT_CAMELLIA,"237 accessions plus 11 genomes; genus phylogeny, ancestral-colour reconstruction, TE/SV regulatory rewiring and functional MYB60 evidence connect genomic mechanisms with colour diversification.","This is the strongest direct competitor. chun's defensible difference is not 'first micro-to-macro Camellia study' but explicit observation-regime standardization, accepted-taxonomy/wild-state robustness gates, and refusal to attribute non-robust branches."
PA019,2026,camellia_genomics,"Fan et al. A near telomere-to-telomere genome reveals yellow camellias evolution and flavonols biosynthesis",10.1016/j.indcrop.2026.123200,N4_camellia_mechanism,DIRECT_CAMELLIA,"Yellow-Camellia population genomics plus functional WRKY23-to-FLS evidence directly links flavonol regulation with yellow-lineage evolution.","Yellow flavonol regulation is prior art; chun's yellow result should be framed as standardized recurrence/heterogeneity across public developmental systems."
PA020,2025,flower_colour_ecology,"Zhang et al. Within-species floral evolution reveals convergence in adaptive walks during incipient pollinator shift",10.1038/s41467-025-57639-3,N5_micro_macro,DIRECT_FLOWER_COLOUR,"Integrated repeated natural floral-colour transitions, genetic changes, additional floral traits, and experimental pollinator behaviour in related Mimulus systems.","Genotype-to-phenotype-to-pollinator integration is not novel broadly; chun's ecology value is inferential boundary-setting across scales rather than direct adaptive-causation demonstration."
PA021,2026,flower_colour_frontier,"Berardi et al. Paradigm shifts in flower color: An introduction",10.1002/ajb2.70150,N4_ecological_causation,CONTEXT_REVIEW,"Frames current flower-colour research as jointly shaped by pollination, abiotic functions, pigment pleiotropy, correlated traits, and structural colour.","Ecological interpretation should be plural and conditional, not a single pollinator/climate story."
